{"stats":{"minecraft:dropped":{"minecraft:sweet_berries":1,"minecraft:lapis_lazuli":3,"minecraft:decorated_pot":1,"minecraft:rotten_flesh":5,"minecraft:oak_sapling":1,"minecraft:spider_eye":1,"minecraft:brown_carpet":22,"minecraft:wooden_pickaxe":2},"minecraft:custom":{"lootr:looted_stat":20,"minecraft:interact_with_furnace":2,"minecraft:mob_kills":11,"minecraft:interact_with_crafting_table":2,"minecraft:leave_game":5,"minecraft:time_since_death":0,"minecraft:sleep_in_bed":2,"minecraft:climb_one_cm":3262,"minecraft:time_since_rest":904,"minecraft:sprint_one_cm":45567,"minecraft:damage_taken":961,"minecraft:walk_one_cm":51047,"minecraft:drop":10,"minecraft:damage_dealt":1022,"minecraft:swim_one_cm":2328,"minecraft:talked_to_villager":2,"minecraft:fly_one_cm":71156,"minecraft:crouch_one_cm":900,"minecraft:play_time":31871,"minecraft:deaths":2,"minecraft:sneak_time":195,"minecraft:walk_under_water_one_cm":739,"minecraft:jump":409,"minecraft:interact_with_brewingstand":1,"minecraft:walk_on_water_one_cm":504,"minecraft:total_world_time":31871,"minecraft:fall_one_cm":20387,"minecraft:horse_one_cm":469},"minecraft:crafted":{"minecraft:oak_planks":8,"minecraft:crafting_table":1,"minecraft:spruce_planks":16,"minecraft:wooden_pickaxe":1,"minecraft:stone_axe":1,"minecraft:stick":8,"minecraft:stone_pickaxe":1},"minecraft:mined":{"minecraft:brown_carpet":11,"minecraft:ladder":1,"minecraft:decorated_pot":1,"minecraft:tall_grass":17,"minecraft:spruce_leaves":6,"minecraft:large_fern":3,"minecraft:hay_block":13,"minecraft:purple_bed":3,"minecraft:furnace":1,"minecraft:spruce_log":4,"minecraft:grass":43,"minecraft:oak_log":2,"minecraft:flower_pot":1,"minecraft:cobweb":5,"minecraft:stone":72,"minecraft:oak_leaves":3,"minecraft:fern":9},"minecraft:used":{"minecraft:stone_pickaxe":130,"minecraft:ladder":1,"minecraft:decorated_pot":1,"minecraft:wooden_pickaxe":8,"minecraft:iron_sword":1,"minecraft:oak_log":1,"minecraft:bread":3,"minecraft:spruce_sapling":2,"minecraft:stone_axe":7,"minecraft:wooden_sword":21,"minecraft:cobblestone":2,"minecraft:golden_carrot":2,"minecraft:bow":4,"minecraft:purple_bed":2},"minecraft:killed":{"minecraft:pig":3,"minecraft:spider":1,"minecraft:sheep":3,"minecraft:zombie":4},"minecraft:killed_by":{"cobblemon:pokemon":1,"minecraft:zombie":1},"minecraft:picked_up":{"minecraft:ladder":1,"minecraft:flower_pot":1,"cobblemon:yellow_apricorn":1,"cobblemon:red_apricorn":4,"minecraft:wooden_pickaxe":1,"minecraft:oak_log":3,"fwaystones:stone_brick_waystone":1,"minecraft:lapis_lazuli":3,"minecraft:string":5,"minecraft:furnace":1,"cobblemon:red_apricorn_seed":1,"cobblemon:blue_apricorn_seed":1,"minecraft:porkchop":5,"minecraft:spruce_sapling":2,"cobblemon:pink_apricorn":5,"minecraft:spruce_log":4,"minecraft:spider_eye":1,"minecraft:brown_carpet":22,"minecraft:purple_bed":3,"minecraft:rotten_flesh":5,"minecraft:decorated_pot":2,"minecraft:hay_block":13,"minecraft:oak_sapling":1,"minecraft:mutton":6,"cobblemon:blue_apricorn":7,"minecraft:white_wool":3,"minecraft:cobblestone":10}},"DataVersion":3465}