{"stats":{"minecraft:killed":{"minecraft:spider":1,"minecraft:skeleton":2,"cobblemon:pokemon":1,"minecraft:zombie":3},"minecraft:custom":{"lootr:looted_stat":10,"minecraft:mob_kills":7,"minecraft:interact_with_crafting_table":13,"minecraft:open_barrel":3,"minecraft:leave_game":9,"minecraft:time_since_death":35944,"minecraft:climb_one_cm":188,"minecraft:sprint_one_cm":133585,"minecraft:walk_one_cm":104852,"minecraft:drop":33,"minecraft:talked_to_villager":2,"minecraft:play_time":58655,"minecraft:deaths":1,"minecraft:sneak_time":2376,"minecraft:walk_under_water_one_cm":126,"minecraft:jump":917,"minecraft:walk_on_water_one_cm":4429,"minecraft:total_world_time":58655,"minecraft:interact_with_furnace":6,"minecraft:sleep_in_bed":5,"minecraft:time_since_rest":7997,"minecraft:damage_taken":748,"minecraft:damage_dealt":1286,"minecraft:swim_one_cm":751,"minecraft:fly_one_cm":277032,"minecraft:open_chest":17,"minecraft:crouch_one_cm":6789,"minecraft:fall_one_cm":20992},"minecraft:mined":{"minecraft:allium":1,"minecraft:grass_block":725,"minecraft:dead_tube_coral_block":3,"minecraft:coal_block":1,"vinery:apple_log":5,"minecraft:large_fern":2,"minecraft:hay_block":23,"minecraft:smooth_stone":8,"farmersdelight:wild_onions":3,"minecraft:raw_iron_block":4,"minecraft:iron_ore":16,"bakery:kitchen_sink":1,"bakery:brick_stove":2,"minecraft:andesite":2,"bakery:baker_station":2,"minecraft:gold_block":8,"bakery:small_cooking_pot":1,"minecraft:dirt_path":1,"expandeddelight:wild_asparagus":1,"minecraft:lantern":3,"bakery:tray":1,"minecraft:stone":62,"minecraft:white_wool":25,"minecraft:spruce_slab":2,"minecraft:orange_bed":2,"bakery:brick_counter":4,"bakery:cake_stand":2,"minecraft:crafting_table":1,"minecraft:torch":1,"candlelight:wild_tomatoes":1,"minecraft:tall_grass":184,"minecraft:cobblestone":3,"minecraft:wall_torch":1,"minecraft:grass":669,"minecraft:oak_log":18,"minecraft:coal_ore":14,"minecraft:gravel":4,"minecraft:dirt":334,"vinery:apple_leaves":55,"minecraft:fern":11},"minecraft:dropped":{"minecraft:wheat_seeds":22,"minecraft:cobblestone":6,"minecraft:stick":2,"minecraft:item_frame":6,"minecraft:emerald":2,"minecraft:grass":2,"minecraft:wooden_sword":3,"minecraft:white_banner":6,"bakery:oat":64,"minecraft:chicken":1,"minecraft:white_carpet":3,"minecraft:rotten_flesh":2,"minecraft:allium":9,"vinery:apple_tree_sapling":1,"minecraft:andesite":2,"minecraft:oak_sapling":3},"minecraft:broken":{"minecraft:wooden_pickaxe":1,"minecraft:stone_shovel":8},"minecraft:picked_up":{"minecraft:crafting_table":1,"minecraft:allium":9,"minecraft:chicken":1,"minecraft:gold_block":8,"minecraft:string":2,"minecraft:dead_tube_coral_block":3,"bakery:linzer_tart":1,"minecraft:white_carpet":3,"minecraft:item_frame":6,"minecraft:wooden_sword":3,"bakery:bread_knife":1,"cobblemon:white_apricorn":3,"minecraft:smooth_stone":8,"vinery:apple_tree_sapling":2,"bakery:brick_stove":2,"candlelight:tomato_seeds":2,"minecraft:spruce_slab":2,"minecraft:coal_block":1,"minecraft:raw_iron":16,"minecraft:stick":7,"bakery:small_cooking_pot":2,"minecraft:torch":2,"bakery:rolling_pin":1,"minecraft:orange_bed":2,"minecraft:rotten_flesh":2,"expandeddelight:asparagus":3,"farmersdelight:onion":3,"bakery:cake_stand":2,"minecraft:hay_block":23,"bakery:apple_cupcake":2,"minecraft:white_wool":25,"vinery:apple_log":5,"minecraft:cobblestone":71,"minecraft:oxeye_daisy":1,"minecraft:andesite":2,"bakery:chocolate_tart":1,"bakery:sweetberry_cupcake":2,"minecraft:oak_log":18,"bakery:baker_station":2,"minecraft:dirt":1044,"minecraft:lantern":6,"minecraft:white_banner":6,"minecraft:apple":1,"minecraft:wheat_seeds":154,"candlelight:rose":4,"bakery:glowberry_tart":1,"bakery:oat":64,"bakery:chocolate_glazed_cookie":1,"bakery:bun":1,"minecraft:raw_iron_block":4,"minecraft:gravel":4,"bakery:brick_counter":4,"bakery:tray":1,"minecraft:grass":2,"minecraft:spruce_sign":13,"minecraft:emerald":2,"minecraft:oak_sapling":8,"bakery:baguette":6,"minecraft:coal":14},"minecraft:crafted":{"minecraft:oak_planks":92,"minecraft:raw_iron":36,"minecraft:stone_shovel":9,"minecraft:furnace":2,"minecraft:stone_pickaxe":1,"minecraft:chest":2,"minecraft:crafting_table":2,"minecraft:wooden_pickaxe":1,"minecraft:stone_axe":1,"minecraft:air":0,"minecraft:stick":32,"minecraft:iron_ingot":46,"minecraft:iron_pickaxe":1,"minecraft:stone_sword":1,"minecraft:white_bed":2,"minecraft:shears":1},"minecraft:killed_by":{"minecraft:zombie":1},"minecraft:used":{"bakery:linzer_tart":1,"minecraft:stone_sword":14,"minecraft:dead_tube_coral_block":3,"minecraft:spruce_slab":2,"minecraft:stone_shovel":1134,"minecraft:chest":2,"minecraft:orange_bed":2,"minecraft:torch":2,"minecraft:dirt":57,"simplyswords:diamond_sai":17,"minecraft:lantern":3,"bakery:apple_cupcake":1,"minecraft:furnace":2,"minecraft:oak_sapling":2,"minecraft:stone_pickaxe":48,"minecraft:wooden_pickaxe":59,"bakery:cake_stand":1,"minecraft:crafting_table":3,"minecraft:white_bed":2,"bakery:sweetberry_cupcake":1,"minecraft:shears":25,"minecraft:apple":4,"minecraft:bread":2,"minecraft:iron_pickaxe":32,"bakery:baguette":4,"minecraft:gravel":1,"minecraft:stone_axe":16,"bakery:bun":3,"minecraft:wooden_sword":1,"minecraft:cobblestone":7,"bakery:brick_stove":1,"vinery:apple_tree_sapling":1}},"DataVersion":3465}