{"stats":{"minecraft:killed":{"cobblemon:pokemon":1,"minecraft:zombie":2},"minecraft:custom":{"minecraft:mob_kills":3,"minecraft:interact_with_crafting_table":10,"minecraft:open_barrel":3,"minecraft:leave_game":8,"minecraft:time_since_death":8232,"minecraft:sleep_in_bed":2,"minecraft:time_since_rest":7459,"minecraft:damage_taken":418,"minecraft:sprint_one_cm":54730,"minecraft:walk_one_cm":42333,"minecraft:drop":22,"minecraft:damage_dealt":528,"minecraft:swim_one_cm":751,"minecraft:fly_one_cm":130082,"minecraft:open_chest":2,"minecraft:crouch_one_cm":1121,"minecraft:play_time":30943,"minecraft:deaths":1,"minecraft:sneak_time":612,"minecraft:walk_under_water_one_cm":126,"minecraft:jump":421,"minecraft:walk_on_water_one_cm":2688,"minecraft:total_world_time":30943,"minecraft:fall_one_cm":9055},"minecraft:mined":{"bakery:brick_counter":4,"bakery:cake_stand":2,"minecraft:crafting_table":1,"minecraft:allium":1,"minecraft:grass_block":77,"candlelight:wild_tomatoes":1,"minecraft:tall_grass":79,"vinery:apple_log":5,"minecraft:large_fern":2,"farmersdelight:wild_onions":3,"bakery:kitchen_sink":1,"bakery:brick_stove":2,"bakery:baker_station":2,"bakery:small_cooking_pot":1,"minecraft:grass":319,"minecraft:oak_log":6,"expandeddelight:wild_asparagus":1,"minecraft:gravel":4,"minecraft:dirt":56,"vinery:apple_leaves":55,"bakery:tray":1,"minecraft:stone":59,"minecraft:fern":6,"minecraft:orange_bed":2},"minecraft:dropped":{"bakery:oat":64,"minecraft:wheat_seeds":17,"minecraft:chicken":1,"minecraft:cobblestone":6,"minecraft:stick":2,"minecraft:item_frame":6,"minecraft:emerald":2,"minecraft:allium":9,"vinery:apple_tree_sapling":1,"minecraft:wooden_sword":3},"minecraft:broken":{"minecraft:stone_shovel":1,"minecraft:wooden_pickaxe":1},"minecraft:picked_up":{"minecraft:crafting_table":1,"minecraft:allium":9,"minecraft:chicken":1,"bakery:chocolate_tart":1,"bakery:sweetberry_cupcake":2,"minecraft:oak_log":6,"bakery:baker_station":2,"minecraft:dirt":93,"minecraft:string":2,"minecraft:wooden_sword":3,"bakery:bread_knife":1,"minecraft:item_frame":6,"bakery:linzer_tart":1,"minecraft:apple":1,"minecraft:wheat_seeds":52,"vinery:apple_tree_sapling":2,"bakery:glowberry_tart":1,"bakery:brick_stove":2,"candlelight:tomato_seeds":2,"bakery:oat":64,"bakery:chocolate_glazed_cookie":1,"minecraft:stick":6,"bakery:small_cooking_pot":2,"bakery:bun":1,"minecraft:gravel":4,"bakery:rolling_pin":1,"minecraft:orange_bed":2,"expandeddelight:asparagus":1,"bakery:brick_counter":4,"farmersdelight:onion":3,"bakery:cake_stand":2,"bakery:tray":1,"bakery:apple_cupcake":2,"minecraft:emerald":2,"minecraft:oak_sapling":3,"bakery:baguette":6,"vinery:apple_log":5,"minecraft:cobblestone":65},"minecraft:crafted":{"minecraft:oak_planks":44,"minecraft:stone_shovel":1,"minecraft:crafting_table":1,"minecraft:wooden_pickaxe":1,"minecraft:furnace":1,"minecraft:stone_axe":1,"minecraft:stick":12,"minecraft:stone_pickaxe":1,"minecraft:stone_sword":1,"minecraft:chest":2,"minecraft:white_bed":2},"minecraft:killed_by":{"minecraft:zombie":1},"minecraft:used":{"minecraft:stone_sword":14,"minecraft:stone_shovel":139,"minecraft:stone_pickaxe":12,"minecraft:chest":2,"minecraft:wooden_pickaxe":59,"bakery:cake_stand":1,"minecraft:orange_bed":2,"minecraft:dirt":7,"minecraft:crafting_table":2,"minecraft:white_bed":2,"bakery:baguette":4,"minecraft:stone_axe":2,"bakery:bun":3,"minecraft:wooden_sword":1,"minecraft:cobblestone":5,"minecraft:furnace":1,"bakery:brick_stove":1,"vinery:apple_tree_sapling":1}},"DataVersion":3465}