{"stats":{"minecraft:custom":{"minecraft:time_since_rest":6521,"minecraft:damage_taken":340,"minecraft:crouch_one_cm":191,"minecraft:play_time":15944,"minecraft:walk_one_cm":7358,"minecraft:sprint_one_cm":19452,"minecraft:deaths":1,"minecraft:sneak_time":185,"minecraft:walk_under_water_one_cm":741,"minecraft:mob_kills":1,"minecraft:drop":1,"minecraft:jump":271,"minecraft:damage_dealt":199,"minecraft:leave_game":3,"minecraft:time_since_death":5467,"minecraft:walk_on_water_one_cm":373,"minecraft:total_world_time":15944,"minecraft:swim_one_cm":2553,"minecraft:fall_one_cm":10224,"minecraft:fly_one_cm":61642},"minecraft:killed_by":{"minecraft:skeleton":1},"minecraft:killed":{"minecraft:zombie":1},"minecraft:mined":{"minecraft:large_fern":5,"minecraft:grass":39,"minecraft:oak_log":2,"minecraft:tall_grass":33,"minecraft:spruce_leaves":3,"minecraft:birch_leaves":2,"minecraft:oak_leaves":4,"minecraft:fern":2},"minecraft:dropped":{"minecraft:wheat_seeds":3},"minecraft:used":{"minecraft:rotten_flesh":1,"minecraft:wooden_sword":7},"minecraft:picked_up":{"minecraft:arrow":2,"minecraft:bone":2,"minecraft:rotten_flesh":1,"minecraft:wheat_seeds":3,"minecraft:oak_log":2}},"DataVersion":3465}