{"stats":{"minecraft:custom":{"minecraft:time_since_rest":4278,"lootr:looted_stat":14,"minecraft:sprint_one_cm":46882,"minecraft:damage_taken":939,"minecraft:walk_one_cm":32642,"minecraft:mob_kills":3,"minecraft:drop":1,"minecraft:damage_dealt":208,"minecraft:interact_with_crafting_table":1,"minecraft:swim_one_cm":2553,"minecraft:talked_to_villager":1,"minecraft:fly_one_cm":129115,"minecraft:crouch_one_cm":210,"minecraft:play_time":30308,"minecraft:deaths":2,"minecraft:sneak_time":206,"minecraft:walk_under_water_one_cm":741,"minecraft:jump":555,"minecraft:leave_game":5,"minecraft:walk_on_water_one_cm":873,"minecraft:time_since_death":4246,"minecraft:total_world_time":30308,"minecraft:fall_one_cm":23206},"minecraft:killed_by":{"cobblemon:pokemon":1,"minecraft:skeleton":1},"minecraft:killed":{"minecraft:zombie":2,"cobblemon:pokemon":1},"minecraft:mined":{"minecraft:large_fern":8,"minecraft:birch_log":5,"minecraft:birch_leaves":5,"cobblemon:apricorn_leaves":1,"minecraft:grass":39,"minecraft:oak_log":2,"minecraft:tall_grass":43,"minecraft:spruce_leaves":3,"minecraft:oak_leaves":4,"minecraft:fern":2},"minecraft:dropped":{"minecraft:wheat_seeds":3},"minecraft:crafted":{"minecraft:crafting_table":1,"minecraft:stick":4,"minecraft:birch_planks":20,"minecraft:bread":14},"minecraft:used":{"minecraft:bread":14,"minecraft:rotten_flesh":1,"minecraft:wooden_sword":7,"minecraft:bow":12,"minecraft:sweet_berries":2,"minecraft:crafting_table":1},"minecraft:picked_up":{"minecraft:birch_log":5,"minecraft:stick":2,"cobblemon:yellow_apricorn":5,"cobblemon:red_apricorn":7,"minecraft:porkchop":1,"cobblemon:yellow_apricorn_seed":1,"minecraft:oak_log":2,"minecraft:bone":2,"minecraft:arrow":2,"minecraft:rotten_flesh":2,"minecraft:wheat_seeds":4,"minecraft:birch_sapling":4}},"DataVersion":3465}