{"stats":{"minecraft:custom":{"minecraft:time_since_rest":11584,"minecraft:damage_taken":350,"minecraft:crouch_one_cm":191,"minecraft:play_time":21007,"minecraft:walk_one_cm":13657,"minecraft:sprint_one_cm":20748,"minecraft:deaths":1,"minecraft:sneak_time":194,"minecraft:walk_under_water_one_cm":741,"minecraft:mob_kills":1,"minecraft:drop":1,"minecraft:jump":287,"minecraft:damage_dealt":199,"minecraft:leave_game":3,"minecraft:time_since_death":10530,"minecraft:walk_on_water_one_cm":373,"minecraft:total_world_time":21007,"minecraft:talked_to_villager":1,"minecraft:swim_one_cm":2553,"minecraft:fly_one_cm":62516,"minecraft:fall_one_cm":11186,"lootr:looted_stat":8},"minecraft:killed_by":{"minecraft:skeleton":1},"minecraft:killed":{"minecraft:zombie":1},"minecraft:mined":{"minecraft:large_fern":5,"minecraft:grass":39,"minecraft:oak_log":2,"minecraft:birch_log":5,"minecraft:tall_grass":33,"minecraft:spruce_leaves":3,"minecraft:birch_leaves":5,"minecraft:oak_leaves":4,"minecraft:fern":2},"minecraft:dropped":{"minecraft:wheat_seeds":3},"minecraft:used":{"minecraft:rotten_flesh":1,"minecraft:wooden_sword":7,"minecraft:bread":5},"minecraft:picked_up":{"minecraft:stick":2,"minecraft:arrow":2,"minecraft:bone":2,"minecraft:rotten_flesh":1,"cobblemon:yellow_apricorn":5,"minecraft:wheat_seeds":3,"cobblemon:yellow_apricorn_seed":1,"minecraft:oak_log":2,"minecraft:birch_sapling":4,"minecraft:birch_log":5}},"DataVersion":3465}