{"stats":{"minecraft:custom":{"minecraft:mob_kills":3,"minecraft:interact_with_crafting_table":3,"minecraft:open_barrel":3,"minecraft:leave_game":7,"minecraft:time_since_death":22237,"minecraft:sleep_in_bed":1,"minecraft:time_since_rest":9662,"minecraft:sprint_one_cm":35131,"minecraft:damage_taken":198,"minecraft:walk_one_cm":31311,"minecraft:drop":13,"minecraft:damage_dealt":528,"minecraft:swim_one_cm":751,"minecraft:fly_one_cm":67335,"minecraft:crouch_one_cm":992,"minecraft:play_time":22237,"minecraft:sneak_time":394,"minecraft:walk_under_water_one_cm":126,"minecraft:jump":217,"minecraft:walk_on_water_one_cm":2688,"minecraft:total_world_time":22237,"minecraft:fall_one_cm":5260},"minecraft:killed":{"cobblemon:pokemon":1,"minecraft:zombie":2},"minecraft:mined":{"bakery:brick_counter":4,"bakery:cake_stand":2,"minecraft:crafting_table":1,"minecraft:grass_block":2,"minecraft:tall_grass":10,"vinery:apple_log":5,"minecraft:large_fern":2,"bakery:kitchen_sink":1,"bakery:brick_stove":2,"bakery:baker_station":2,"bakery:small_cooking_pot":1,"minecraft:grass":70,"minecraft:dirt":4,"vinery:apple_leaves":55,"bakery:tray":1,"minecraft:stone":59,"minecraft:fern":6,"minecraft:orange_bed":1},"minecraft:dropped":{"bakery:oat":64,"minecraft:wheat_seeds":12,"minecraft:stick":2,"minecraft:item_frame":6,"vinery:apple_tree_sapling":1,"minecraft:wooden_sword":3},"minecraft:used":{"minecraft:stone_sword":14,"minecraft:stone_pickaxe":12,"minecraft:wooden_pickaxe":59,"bakery:cake_stand":1,"minecraft:orange_bed":1,"minecraft:dirt":5,"minecraft:crafting_table":2,"minecraft:white_bed":1,"bakery:baguette":4,"minecraft:stone_axe":2,"bakery:bun":1,"minecraft:wooden_sword":1,"minecraft:cobblestone":1,"bakery:brick_stove":1},"minecraft:crafted":{"minecraft:oak_planks":20,"minecraft:crafting_table":1,"minecraft:wooden_pickaxe":1,"minecraft:stone_axe":1,"minecraft:stick":8,"minecraft:stone_pickaxe":1,"minecraft:stone_sword":1,"minecraft:white_bed":1},"minecraft:broken":{"minecraft:wooden_pickaxe":1},"minecraft:picked_up":{"minecraft:crafting_table":1,"minecraft:chicken":1,"bakery:chocolate_tart":1,"bakery:sweetberry_cupcake":2,"bakery:baker_station":2,"minecraft:string":2,"minecraft:dirt":5,"minecraft:wooden_sword":2,"bakery:bread_knife":1,"minecraft:item_frame":6,"bakery:linzer_tart":1,"minecraft:wheat_seeds":12,"vinery:apple_tree_sapling":1,"bakery:glowberry_tart":1,"bakery:brick_stove":2,"bakery:chocolate_glazed_cookie":1,"minecraft:stick":1,"bakery:small_cooking_pot":2,"bakery:bun":1,"minecraft:orange_bed":1,"bakery:rolling_pin":1,"bakery:brick_counter":4,"bakery:cake_stand":2,"bakery:tray":1,"bakery:apple_cupcake":2,"bakery:baguette":6,"vinery:apple_log":5,"minecraft:cobblestone":59}},"DataVersion":3465}