{"stats":{"minecraft:killed":{"minecraft:spider":1,"minecraft:skeleton":2,"cobblemon:pokemon":4,"minecraft:zombie":3},"minecraft:custom":{"lootr:looted_stat":16,"minecraft:mob_kills":10,"minecraft:interact_with_crafting_table":18,"minecraft:open_barrel":3,"minecraft:leave_game":12,"minecraft:time_since_death":58144,"minecraft:climb_one_cm":2330,"minecraft:sprint_one_cm":181532,"minecraft:walk_one_cm":144694,"minecraft:drop":33,"minecraft:talked_to_villager":3,"minecraft:play_time":80855,"minecraft:deaths":1,"minecraft:sneak_time":2610,"minecraft:walk_under_water_one_cm":956,"minecraft:jump":1145,"minecraft:walk_on_water_one_cm":6214,"minecraft:total_world_time":80855,"minecraft:interact_with_furnace":9,"minecraft:sleep_in_bed":6,"minecraft:time_since_rest":12955,"minecraft:damage_taken":885,"minecraft:damage_dealt":1694,"minecraft:swim_one_cm":6365,"minecraft:fly_one_cm":342524,"minecraft:open_chest":33,"minecraft:crouch_one_cm":7408,"minecraft:fall_one_cm":28288},"minecraft:mined":{"create:zinc_ore":4,"minecraft:allium":1,"minecraft:grass_block":753,"minecraft:dead_tube_coral_block":3,"minecraft:coal_block":1,"vinery:apple_log":73,"minecraft:large_fern":2,"minecraft:hay_block":23,"minecraft:smooth_stone":8,"farmersdelight:wild_onions":3,"minecraft:raw_iron_block":4,"minecraft:iron_ore":16,"bakery:kitchen_sink":1,"bakery:brick_stove":2,"minecraft:andesite":2,"bakery:baker_station":2,"minecraft:gold_block":8,"bakery:small_cooking_pot":1,"minecraft:bookshelf":17,"minecraft:dirt_path":1,"expandeddelight:wild_asparagus":2,"minecraft:lantern":3,"bakery:tray":1,"minecraft:stone":63,"minecraft:white_wool":25,"minecraft:spruce_slab":2,"minecraft:orange_bed":2,"bakery:brick_counter":4,"bakery:cake_stand":2,"minecraft:crafting_table":1,"minecraft:torch":1,"candlelight:wild_tomatoes":3,"minecraft:tall_grass":248,"minecraft:cobblestone":3,"minecraft:wall_torch":1,"minecraft:grass":882,"minecraft:oak_log":18,"minecraft:coal_ore":14,"minecraft:gravel":4,"minecraft:dirt":335,"vinery:apple_leaves":122,"minecraft:fern":13},"minecraft:dropped":{"minecraft:wheat_seeds":22,"minecraft:cobblestone":6,"minecraft:stick":2,"minecraft:item_frame":6,"minecraft:emerald":2,"minecraft:grass":2,"minecraft:wooden_sword":3,"minecraft:white_banner":6,"bakery:oat":64,"minecraft:chicken":1,"minecraft:white_carpet":3,"minecraft:rotten_flesh":2,"minecraft:allium":9,"vinery:apple_tree_sapling":1,"minecraft:andesite":2,"minecraft:oak_sapling":3},"minecraft:broken":{"minecraft:wooden_pickaxe":1,"minecraft:stone_shovel":8},"minecraft:picked_up":{"minecraft:crafting_table":1,"minecraft:allium":9,"minecraft:chicken":1,"minecraft:gold_block":8,"minecraft:string":2,"minecraft:dead_tube_coral_block":3,"bakery:linzer_tart":1,"minecraft:white_carpet":3,"bakery:bread_knife":1,"minecraft:wooden_sword":3,"minecraft:item_frame":6,"cobblemon:white_apricorn":3,"cobblemon:green_apricorn":3,"minecraft:smooth_stone":8,"vinery:apple_tree_sapling":19,"bakery:brick_stove":2,"candlelight:tomato_seeds":2,"minecraft:spruce_slab":2,"minecraft:coal_block":1,"cobblemon:green_apricorn_seed":1,"minecraft:stick":14,"minecraft:raw_iron":16,"bakery:small_cooking_pot":2,"minecraft:torch":2,"minecraft:porkchop":5,"bakery:rolling_pin":1,"minecraft:orange_bed":2,"minecraft:rotten_flesh":2,"expandeddelight:asparagus":4,"farmersdelight:onion":3,"minecraft:hay_block":23,"bakery:cake_stand":2,"bakery:apple_cupcake":2,"minecraft:cobblestone":72,"minecraft:white_wool":25,"vinery:apple_log":73,"minecraft:oxeye_daisy":1,"minecraft:andesite":2,"bakery:chocolate_tart":1,"create:raw_zinc":4,"bakery:sweetberry_cupcake":2,"minecraft:oak_log":18,"bakery:baker_station":2,"minecraft:dirt":1072,"minecraft:lantern":8,"minecraft:white_banner":6,"minecraft:apple":14,"minecraft:wheat_seeds":183,"candlelight:rose":4,"bakery:glowberry_tart":1,"candlelight:tomato":2,"bakery:oat":64,"cobblemon:wacan_berry":15,"minecraft:book":51,"bakery:chocolate_glazed_cookie":1,"bakery:bun":1,"minecraft:gravel":4,"minecraft:raw_iron_block":4,"bakery:brick_counter":4,"bakery:tray":1,"minecraft:grass":2,"minecraft:spruce_sign":13,"minecraft:emerald":2,"minecraft:oak_sapling":8,"bakery:baguette":6,"minecraft:coal":14},"minecraft:crafted":{"minecraft:oak_planks":92,"minecraft:raw_iron":36,"minecraft:stone_shovel":9,"minecraft:furnace":2,"minecraft:iron_boots":1,"minecraft:stone_pickaxe":1,"minecraft:chest":3,"xercamusic:guitar":1,"minecraft:oak_fence":3,"dailyshop:daily_shop":1,"minecraft:crafting_table":2,"minecraft:wooden_pickaxe":1,"minecraft:iron_helmet":1,"minecraft:stone_axe":1,"minecraft:air":0,"minecraft:iron_chestplate":1,"minecraft:stick":32,"minecraft:iron_ingot":52,"minecraft:iron_pickaxe":1,"minecraft:stone_sword":1,"minecraft:iron_leggings":1,"minecraft:white_bed":2,"minecraft:shears":1},"minecraft:killed_by":{"minecraft:zombie":1},"minecraft:used":{"bakery:linzer_tart":1,"minecraft:stone_sword":14,"minecraft:dead_tube_coral_block":3,"dailyshop:daily_shop":1,"minecraft:spruce_slab":2,"minecraft:stone_shovel":1166,"minecraft:chest":3,"minecraft:orange_bed":2,"minecraft:iron_chestplate":1,"minecraft:torch":2,"minecraft:dirt":77,"simplyswords:diamond_sai":29,"minecraft:lantern":4,"minecraft:iron_helmet":1,"minecraft:iron_boots":1,"bakery:apple_cupcake":1,"minecraft:oak_sapling":2,"minecraft:furnace":2,"minecraft:iron_leggings":1,"minecraft:stone_pickaxe":48,"minecraft:wooden_pickaxe":59,"bakery:cake_stand":1,"minecraft:crafting_table":3,"minecraft:white_bed":2,"bakery:sweetberry_cupcake":1,"minecraft:shears":25,"minecraft:apple":5,"minecraft:bread":3,"minecraft:iron_pickaxe":37,"bakery:baguette":5,"minecraft:gravel":1,"minecraft:stone_axe":101,"bakery:bun":5,"minecraft:wooden_sword":1,"minecraft:cobblestone":7,"bakery:brick_stove":1,"vinery:apple_tree_sapling":2}},"DataVersion":3465}