{"stats":{"minecraft:killed":{"minecraft:spider":1,"minecraft:skeleton":5,"cobblemon:pokemon":4,"minecraft:zombie":9},"minecraft:custom":{"lootr:looted_stat":17,"minecraft:mob_kills":19,"minecraft:interact_with_crafting_table":23,"minecraft:open_barrel":3,"minecraft:leave_game":13,"minecraft:time_since_death":76936,"minecraft:climb_one_cm":2330,"minecraft:sprint_one_cm":247400,"minecraft:walk_one_cm":184046,"minecraft:drop":34,"minecraft:talked_to_villager":4,"minecraft:play_time":99647,"minecraft:deaths":1,"minecraft:sneak_time":3118,"minecraft:walk_under_water_one_cm":1576,"minecraft:jump":1458,"minecraft:walk_on_water_one_cm":7628,"minecraft:total_world_time":99647,"minecraft:interact_with_furnace":22,"minecraft:sleep_in_bed":8,"minecraft:time_since_rest":17110,"minecraft:damage_taken":1461,"minecraft:damage_dealt":3302,"minecraft:swim_one_cm":7291,"minecraft:fly_one_cm":439084,"minecraft:open_chest":54,"minecraft:crouch_one_cm":8438,"minecraft:fall_one_cm":36388},"minecraft:mined":{"create:zinc_ore":4,"cobblemon:big_root":5,"minecraft:allium":1,"minecraft:grass_block":755,"minecraft:dead_tube_coral_block":3,"minecraft:coal_block":1,"vinery:apple_log":73,"minecraft:large_fern":2,"minecraft:hay_block":23,"minecraft:smooth_stone":8,"farmersdelight:wild_onions":3,"minecraft:raw_iron_block":4,"minecraft:iron_ore":16,"bakery:kitchen_sink":1,"bakery:brick_stove":2,"minecraft:andesite":2,"bakery:baker_station":2,"minecraft:gold_block":10,"bakery:small_cooking_pot":1,"minecraft:bookshelf":17,"minecraft:dirt_path":1,"expandeddelight:wild_asparagus":2,"minecraft:lantern":3,"bakery:tray":1,"minecraft:stone":70,"minecraft:white_wool":25,"minecraft:spruce_slab":2,"minecraft:orange_bed":2,"bakery:brick_counter":4,"bakery:cake_stand":2,"minecraft:crafting_table":1,"minecraft:torch":1,"diagonalfences:minecraft/oak_fence":2,"candlelight:wild_tomatoes":3,"minecraft:copper_ore":12,"minecraft:tall_grass":271,"minecraft:cobblestone":3,"minecraft:wall_torch":1,"minecraft:grass":926,"minecraft:oak_log":18,"minecraft:coal_ore":50,"minecraft:gravel":4,"minecraft:dirt":336,"vinery:apple_leaves":122,"mythicmetals:banglum_ore":8,"minecraft:fern":13},"minecraft:dropped":{"minecraft:wheat_seeds":22,"minecraft:cobblestone":6,"minecraft:stick":2,"minecraft:item_frame":6,"minecraft:emerald":2,"minecraft:dirt":1,"minecraft:grass":2,"minecraft:wooden_sword":3,"minecraft:white_banner":6,"bakery:oat":64,"minecraft:chicken":1,"minecraft:white_carpet":3,"minecraft:rotten_flesh":2,"minecraft:allium":9,"vinery:apple_tree_sapling":1,"minecraft:andesite":2,"minecraft:oak_sapling":3},"minecraft:broken":{"minecraft:wooden_pickaxe":1,"minecraft:stone_shovel":8},"minecraft:picked_up":{"minecraft:crafting_table":1,"minecraft:allium":9,"minecraft:chicken":1,"minecraft:gold_block":10,"minecraft:raw_copper":38,"minecraft:string":2,"minecraft:dead_tube_coral_block":3,"bakery:linzer_tart":1,"bakery:bread_knife":1,"minecraft:wooden_sword":3,"minecraft:item_frame":6,"cobblemon:white_apricorn":3,"minecraft:white_carpet":3,"vinery:apple_tree_sapling":19,"minecraft:smooth_stone":8,"cobblemon:green_apricorn":5,"bakery:brick_stove":2,"candlelight:tomato_seeds":2,"cobblemon:oran_berry":14,"cobblemon:big_root":5,"minecraft:spruce_slab":2,"minecraft:coal_block":1,"cobblemon:green_apricorn_seed":1,"minecraft:stick":14,"minecraft:raw_iron":16,"bakery:small_cooking_pot":2,"minecraft:oak_fence":2,"minecraft:torch":3,"minecraft:porkchop":5,"bakery:rolling_pin":1,"minecraft:orange_bed":2,"minecraft:arrow":3,"minecraft:rotten_flesh":7,"expandeddelight:asparagus":4,"farmersdelight:onion":3,"minecraft:hay_block":23,"bakery:cake_stand":2,"bakery:apple_cupcake":2,"minecraft:cobblestone":79,"vinery:apple_log":73,"minecraft:white_wool":25,"minecraft:oxeye_daisy":1,"minecraft:andesite":2,"mythicmetals:raw_banglum":12,"bakery:chocolate_tart":1,"bakery:sweetberry_cupcake":2,"create:raw_zinc":4,"minecraft:oak_log":18,"bakery:baker_station":2,"minecraft:dirt":1090,"minecraft:lantern":8,"minecraft:white_banner":6,"minecraft:bone":4,"minecraft:apple":14,"minecraft:wheat_seeds":190,"candlelight:rose":4,"bakery:glowberry_tart":1,"candlelight:tomato":2,"bakery:oat":64,"cobblemon:wacan_berry":15,"minecraft:book":51,"bakery:chocolate_glazed_cookie":1,"bakery:bun":1,"minecraft:gravel":4,"minecraft:raw_iron_block":4,"cobblemon:pink_apricorn":7,"bakery:brick_counter":4,"bakery:tray":1,"minecraft:grass":2,"minecraft:spruce_sign":13,"minecraft:emerald":2,"minecraft:oak_sapling":8,"bakery:baguette":6,"minecraft:coal":50},"minecraft:crafted":{"minecraft:oak_planks":92,"minecraft:raw_iron":36,"minecraft:coal":9,"minecraft:stone_shovel":9,"minecraft:furnace":2,"minecraft:bone_meal":12,"minecraft:iron_boots":1,"minecraft:iron_hoe":1,"minecraft:stone_pickaxe":1,"minecraft:chest":3,"xercamusic:guitar":1,"minecraft:oak_fence":3,"dailyshop:daily_shop":1,"minecraft:cooked_porkchop":5,"minecraft:crafting_table":2,"cobblemon:verdant_ball":4,"minecraft:wooden_pickaxe":1,"minecraft:iron_helmet":1,"minecraft:copper_ingot":38,"minecraft:bucket":1,"minecraft:stone_axe":1,"minecraft:air":0,"minecraft:iron_chestplate":1,"minecraft:stick":32,"minecraft:iron_ingot":52,"minecraft:iron_pickaxe":1,"minecraft:stone_sword":1,"minecraft:iron_leggings":1,"minecraft:white_bed":2,"minecraft:torch":28,"minecraft:shears":1},"minecraft:killed_by":{"minecraft:zombie":1},"minecraft:used":{"bakery:linzer_tart":1,"minecraft:oak_fence":2,"minecraft:stone_sword":14,"minecraft:dead_tube_coral_block":3,"dailyshop:daily_shop":1,"bakery:chocolate_glazed_cookie":2,"minecraft:spruce_slab":2,"minecraft:stone_shovel":1169,"minecraft:chest":3,"minecraft:orange_bed":2,"minecraft:torch":20,"minecraft:iron_chestplate":1,"minecraft:dirt":101,"simplyswords:diamond_sai":72,"minecraft:iron_hoe":10,"minecraft:lantern":4,"minecraft:iron_helmet":1,"minecraft:iron_boots":1,"bakery:apple_cupcake":1,"minecraft:oak_sapling":2,"minecraft:furnace":2,"minecraft:iron_leggings":1,"minecraft:water_bucket":1,"minecraft:stone_pickaxe":48,"minecraft:wooden_pickaxe":59,"bakery:cake_stand":1,"plushies:iron_golem_plushie":1,"minecraft:crafting_table":3,"minecraft:white_bed":2,"bakery:sweetberry_cupcake":1,"minecraft:shears":25,"cobblemon:green_apricorn_seed":1,"minecraft:apple":5,"minecraft:bread":5,"minecraft:iron_pickaxe":104,"bakery:baguette":6,"minecraft:gravel":1,"minecraft:stone_axe":103,"bakery:bun":6,"minecraft:wooden_sword":1,"minecraft:cobblestone":11,"minecraft:cooked_porkchop":3,"bakery:brick_stove":1,"minecraft:bucket":1,"vinery:apple_tree_sapling":2,"minecraft:bone_meal":12}},"DataVersion":3465}