{"stats":{"minecraft:killed":{"cobblemon:pokemon":1,"minecraft:spider":1,"minecraft:skeleton":2,"minecraft:zombie":3},"minecraft:custom":{"minecraft:interact_with_furnace":4,"lootr:looted_stat":10,"minecraft:mob_kills":7,"minecraft:interact_with_crafting_table":13,"minecraft:open_barrel":3,"minecraft:leave_game":9,"minecraft:time_since_death":32431,"minecraft:sleep_in_bed":5,"minecraft:climb_one_cm":188,"minecraft:time_since_rest":4484,"minecraft:damage_taken":748,"minecraft:sprint_one_cm":123623,"minecraft:walk_one_cm":96348,"minecraft:drop":32,"minecraft:damage_dealt":1286,"minecraft:swim_one_cm":751,"minecraft:talked_to_villager":2,"minecraft:fly_one_cm":254428,"minecraft:open_chest":14,"minecraft:crouch_one_cm":6734,"minecraft:play_time":55142,"minecraft:deaths":1,"minecraft:sneak_time":2234,"minecraft:walk_under_water_one_cm":126,"minecraft:jump":848,"minecraft:walk_on_water_one_cm":4429,"minecraft:total_world_time":55142,"minecraft:fall_one_cm":19680},"minecraft:mined":{"bakery:brick_counter":4,"bakery:cake_stand":2,"minecraft:torch":1,"minecraft:crafting_table":1,"minecraft:allium":1,"minecraft:grass_block":725,"minecraft:dead_tube_coral_block":3,"candlelight:wild_tomatoes":1,"minecraft:coal_block":1,"minecraft:tall_grass":112,"minecraft:cobblestone":3,"minecraft:wall_torch":1,"vinery:apple_log":5,"minecraft:large_fern":2,"minecraft:hay_block":23,"minecraft:smooth_stone":8,"farmersdelight:wild_onions":3,"minecraft:raw_iron_block":4,"minecraft:iron_ore":16,"bakery:kitchen_sink":1,"bakery:brick_stove":2,"minecraft:andesite":2,"minecraft:gold_block":8,"bakery:baker_station":2,"bakery:small_cooking_pot":1,"minecraft:coal_ore":14,"minecraft:grass":390,"minecraft:dirt_path":1,"minecraft:oak_log":18,"expandeddelight:wild_asparagus":1,"minecraft:lantern":3,"minecraft:gravel":4,"minecraft:dirt":334,"vinery:apple_leaves":55,"bakery:tray":1,"minecraft:stone":62,"minecraft:white_wool":25,"minecraft:spruce_slab":2,"minecraft:fern":6,"minecraft:orange_bed":2},"minecraft:dropped":{"bakery:oat":64,"minecraft:wheat_seeds":22,"minecraft:white_carpet":3,"minecraft:chicken":1,"minecraft:cobblestone":6,"minecraft:stick":2,"minecraft:item_frame":6,"minecraft:emerald":2,"minecraft:grass":2,"minecraft:allium":9,"vinery:apple_tree_sapling":1,"minecraft:andesite":2,"minecraft:white_banner":6,"minecraft:oak_sapling":3,"minecraft:wooden_sword":3},"minecraft:broken":{"minecraft:stone_shovel":8,"minecraft:wooden_pickaxe":1},"minecraft:picked_up":{"minecraft:crafting_table":1,"minecraft:allium":9,"minecraft:chicken":1,"minecraft:andesite":2,"minecraft:gold_block":8,"bakery:chocolate_tart":1,"bakery:sweetberry_cupcake":2,"minecraft:oak_log":18,"bakery:baker_station":2,"cobblemon:white_apricorn":3,"minecraft:white_banner":6,"minecraft:dirt":1044,"minecraft:string":2,"minecraft:dead_tube_coral_block":3,"minecraft:lantern":6,"minecraft:white_carpet":3,"minecraft:wooden_sword":3,"bakery:bread_knife":1,"minecraft:item_frame":6,"bakery:linzer_tart":1,"minecraft:apple":1,"minecraft:wheat_seeds":113,"minecraft:smooth_stone":8,"vinery:apple_tree_sapling":2,"candlelight:rose":4,"bakery:glowberry_tart":1,"bakery:brick_stove":2,"candlelight:tomato_seeds":2,"bakery:oat":64,"minecraft:spruce_slab":2,"minecraft:coal_block":1,"bakery:chocolate_glazed_cookie":1,"minecraft:stick":7,"minecraft:raw_iron":16,"bakery:small_cooking_pot":2,"bakery:bun":1,"minecraft:torch":2,"minecraft:raw_iron_block":4,"minecraft:gravel":4,"bakery:rolling_pin":1,"minecraft:orange_bed":2,"expandeddelight:asparagus":3,"bakery:brick_counter":4,"farmersdelight:onion":3,"minecraft:hay_block":23,"bakery:cake_stand":2,"bakery:tray":1,"minecraft:grass":2,"minecraft:spruce_sign":13,"bakery:apple_cupcake":2,"minecraft:emerald":2,"minecraft:white_wool":25,"minecraft:oak_sapling":8,"bakery:baguette":6,"minecraft:coal":14,"vinery:apple_log":5,"minecraft:cobblestone":71,"minecraft:oxeye_daisy":1},"minecraft:crafted":{"minecraft:oak_planks":92,"minecraft:raw_iron":36,"minecraft:stone_shovel":9,"minecraft:crafting_table":2,"minecraft:wooden_pickaxe":1,"minecraft:furnace":2,"minecraft:stone_axe":1,"minecraft:stick":32,"minecraft:iron_pickaxe":1,"minecraft:stone_pickaxe":1,"minecraft:stone_sword":1,"minecraft:chest":2,"minecraft:white_bed":2,"minecraft:shears":1},"minecraft:killed_by":{"minecraft:zombie":1},"minecraft:used":{"bakery:linzer_tart":1,"minecraft:stone_sword":14,"minecraft:dead_tube_coral_block":3,"minecraft:spruce_slab":2,"minecraft:stone_shovel":1134,"minecraft:stone_pickaxe":48,"minecraft:chest":2,"minecraft:wooden_pickaxe":59,"bakery:cake_stand":1,"minecraft:torch":2,"minecraft:orange_bed":2,"minecraft:dirt":57,"minecraft:crafting_table":3,"simplyswords:diamond_sai":17,"minecraft:white_bed":2,"minecraft:shears":25,"minecraft:apple":4,"minecraft:lantern":3,"minecraft:bread":2,"minecraft:iron_pickaxe":32,"bakery:baguette":4,"minecraft:gravel":1,"minecraft:stone_axe":16,"bakery:bun":3,"minecraft:wooden_sword":1,"minecraft:cobblestone":7,"minecraft:oak_sapling":2,"minecraft:furnace":2,"bakery:brick_stove":1,"vinery:apple_tree_sapling":1}},"DataVersion":3465}