{"stats":{"minecraft:killed":{"cobblemon:pokemon":1,"minecraft:zombie":2},"minecraft:custom":{"lootr:looted_stat":5,"minecraft:mob_kills":3,"minecraft:interact_with_crafting_table":11,"minecraft:open_barrel":3,"minecraft:leave_game":8,"minecraft:time_since_death":20232,"minecraft:sleep_in_bed":3,"minecraft:climb_one_cm":188,"minecraft:time_since_rest":8046,"minecraft:damage_taken":438,"minecraft:sprint_one_cm":92913,"minecraft:walk_one_cm":77736,"minecraft:drop":22,"minecraft:damage_dealt":528,"minecraft:swim_one_cm":751,"minecraft:talked_to_villager":2,"minecraft:fly_one_cm":168677,"minecraft:open_chest":8,"minecraft:crouch_one_cm":3210,"minecraft:play_time":42943,"minecraft:deaths":1,"minecraft:sneak_time":1239,"minecraft:walk_under_water_one_cm":126,"minecraft:jump":566,"minecraft:walk_on_water_one_cm":2688,"minecraft:total_world_time":42943,"minecraft:fall_one_cm":11818},"minecraft:mined":{"bakery:brick_counter":4,"bakery:cake_stand":2,"minecraft:crafting_table":1,"minecraft:allium":1,"minecraft:grass_block":725,"candlelight:wild_tomatoes":1,"minecraft:coal_block":1,"minecraft:tall_grass":100,"minecraft:wall_torch":1,"vinery:apple_log":5,"minecraft:large_fern":2,"minecraft:hay_block":23,"minecraft:smooth_stone":8,"farmersdelight:wild_onions":3,"minecraft:raw_iron_block":2,"minecraft:iron_ore":6,"bakery:kitchen_sink":1,"bakery:brick_stove":2,"bakery:baker_station":2,"bakery:small_cooking_pot":1,"minecraft:coal_ore":9,"minecraft:grass":381,"minecraft:dirt_path":1,"minecraft:oak_log":6,"expandeddelight:wild_asparagus":1,"minecraft:gravel":4,"minecraft:dirt":334,"vinery:apple_leaves":55,"bakery:tray":1,"minecraft:stone":59,"minecraft:fern":6,"minecraft:orange_bed":2},"minecraft:dropped":{"bakery:oat":64,"minecraft:wheat_seeds":17,"minecraft:chicken":1,"minecraft:cobblestone":6,"minecraft:stick":2,"minecraft:item_frame":6,"minecraft:emerald":2,"minecraft:allium":9,"vinery:apple_tree_sapling":1,"minecraft:wooden_sword":3},"minecraft:broken":{"minecraft:stone_shovel":8,"minecraft:wooden_pickaxe":1},"minecraft:picked_up":{"minecraft:crafting_table":1,"minecraft:allium":9,"minecraft:chicken":1,"bakery:chocolate_tart":1,"bakery:sweetberry_cupcake":2,"minecraft:oak_log":6,"bakery:baker_station":2,"minecraft:dirt":1044,"minecraft:string":2,"minecraft:lantern":2,"minecraft:wooden_sword":3,"bakery:bread_knife":1,"minecraft:item_frame":6,"bakery:linzer_tart":1,"minecraft:apple":1,"minecraft:wheat_seeds":108,"minecraft:smooth_stone":8,"vinery:apple_tree_sapling":2,"candlelight:rose":4,"bakery:glowberry_tart":1,"bakery:brick_stove":2,"candlelight:tomato_seeds":2,"bakery:oat":64,"minecraft:coal_block":1,"bakery:chocolate_glazed_cookie":1,"minecraft:stick":6,"minecraft:raw_iron":6,"bakery:small_cooking_pot":2,"bakery:bun":1,"minecraft:torch":1,"minecraft:raw_iron_block":2,"minecraft:gravel":4,"bakery:rolling_pin":1,"minecraft:orange_bed":2,"expandeddelight:asparagus":3,"bakery:brick_counter":4,"farmersdelight:onion":3,"minecraft:hay_block":23,"bakery:cake_stand":2,"bakery:tray":1,"minecraft:spruce_sign":10,"bakery:apple_cupcake":2,"minecraft:emerald":2,"minecraft:oak_sapling":3,"bakery:baguette":6,"minecraft:coal":9,"vinery:apple_log":5,"minecraft:cobblestone":65,"minecraft:oxeye_daisy":1},"minecraft:crafted":{"minecraft:oak_planks":44,"minecraft:raw_iron":18,"minecraft:stone_shovel":9,"minecraft:crafting_table":1,"minecraft:wooden_pickaxe":1,"minecraft:furnace":1,"minecraft:stone_axe":1,"minecraft:stick":28,"minecraft:stone_pickaxe":1,"minecraft:stone_sword":1,"minecraft:chest":2,"minecraft:white_bed":2},"minecraft:killed_by":{"minecraft:zombie":1},"minecraft:used":{"bakery:linzer_tart":1,"minecraft:stone_sword":14,"minecraft:stone_shovel":1134,"minecraft:stone_pickaxe":40,"minecraft:chest":2,"minecraft:wooden_pickaxe":59,"bakery:cake_stand":1,"minecraft:orange_bed":2,"minecraft:dirt":57,"minecraft:crafting_table":2,"minecraft:white_bed":2,"minecraft:bread":2,"bakery:baguette":4,"minecraft:gravel":1,"minecraft:stone_axe":2,"bakery:bun":3,"minecraft:wooden_sword":1,"minecraft:cobblestone":5,"minecraft:furnace":1,"bakery:brick_stove":1,"vinery:apple_tree_sapling":1}},"DataVersion":3465}