{"stats":{"minecraft:killed":{"minecraft:zombie":2},"minecraft:custom":{"minecraft:time_since_rest":4760,"minecraft:play_time":7228,"minecraft:sprint_one_cm":17001,"minecraft:walk_one_cm":12760,"minecraft:damage_taken":390,"minecraft:deaths":1,"minecraft:walk_under_water_one_cm":84,"minecraft:mob_kills":2,"minecraft:drop":1,"minecraft:jump":159,"minecraft:damage_dealt":267,"minecraft:leave_game":1,"minecraft:time_since_death":4736,"minecraft:walk_on_water_one_cm":1559,"minecraft:total_world_time":7228,"minecraft:swim_one_cm":2236,"minecraft:fall_one_cm":4035,"minecraft:fly_one_cm":32689},"minecraft:mined":{"minecraft:large_fern":2},"minecraft:dropped":{"minecraft:dark_oak_sapling":1},"minecraft:picked_up":{"minecraft:dark_oak_sapling":1},"minecraft:killed_by":{"minecraft:zombie":1},"minecraft:used":{"minecraft:wooden_sword":8,"minecraft:bread":1}},"DataVersion":3465}