{"stats":{"minecraft:custom":{"minecraft:jump":113,"minecraft:time_since_rest":5607,"minecraft:leave_game":1,"minecraft:sprint_one_cm":8705,"minecraft:play_time":5607,"minecraft:walk_on_water_one_cm":226,"minecraft:time_since_death":5607,"minecraft:walk_one_cm":2058,"minecraft:total_world_time":5607,"minecraft:walk_under_water_one_cm":391,"minecraft:swim_one_cm":1067,"minecraft:fall_one_cm":3518,"minecraft:fly_one_cm":26120},"minecraft:mined":{"minecraft:tall_grass":7,"minecraft:grass":3},"minecraft:picked_up":{"minecraft:arrow":2,"minecraft:bone":2,"minecraft:wheat_seeds":1}},"DataVersion":3465}