{"stats":{"minecraft:custom":{"minecraft:time_since_rest":2441,"lootr:looted_stat":14,"minecraft:sprint_one_cm":42884,"minecraft:damage_taken":879,"minecraft:walk_one_cm":29247,"minecraft:mob_kills":2,"minecraft:drop":1,"minecraft:damage_dealt":199,"minecraft:swim_one_cm":2553,"minecraft:talked_to_villager":1,"minecraft:fly_one_cm":123010,"minecraft:crouch_one_cm":210,"minecraft:play_time":28471,"minecraft:deaths":2,"minecraft:sneak_time":205,"minecraft:walk_under_water_one_cm":741,"minecraft:jump":534,"minecraft:leave_game":4,"minecraft:walk_on_water_one_cm":873,"minecraft:time_since_death":2409,"minecraft:total_world_time":28471,"minecraft:fall_one_cm":22101},"minecraft:killed_by":{"cobblemon:pokemon":1,"minecraft:skeleton":1},"minecraft:killed":{"minecraft:zombie":1,"cobblemon:pokemon":1},"minecraft:mined":{"minecraft:large_fern":7,"minecraft:birch_log":5,"minecraft:birch_leaves":5,"cobblemon:apricorn_leaves":1,"minecraft:grass":39,"minecraft:oak_log":2,"minecraft:tall_grass":43,"minecraft:spruce_leaves":3,"minecraft:oak_leaves":4,"minecraft:fern":2},"minecraft:dropped":{"minecraft:wheat_seeds":3},"minecraft:used":{"minecraft:bread":13,"minecraft:rotten_flesh":1,"minecraft:wooden_sword":7,"minecraft:bow":6,"minecraft:sweet_berries":2},"minecraft:picked_up":{"minecraft:birch_log":5,"minecraft:stick":2,"cobblemon:yellow_apricorn":5,"cobblemon:red_apricorn":7,"minecraft:porkchop":1,"cobblemon:yellow_apricorn_seed":1,"minecraft:oak_log":2,"minecraft:rotten_flesh":1,"minecraft:bone":2,"minecraft:arrow":2,"minecraft:wheat_seeds":4,"minecraft:birch_sapling":4}},"DataVersion":3465}